-- MySQL dump 10.13  Distrib 5.7.22, for Linux (x86_64)
--
-- Host: localhost    Database: bank
-- ------------------------------------------------------
-- Server version	5.7.22-0ubuntu0.16.04.1

/*!40101 SET @OLD_CHARACTER_SET_CLIENT=@@CHARACTER_SET_CLIENT */;
/*!40101 SET @OLD_CHARACTER_SET_RESULTS=@@CHARACTER_SET_RESULTS */;
/*!40101 SET @OLD_COLLATION_CONNECTION=@@COLLATION_CONNECTION */;
/*!40101 SET NAMES utf8 */;
/*!40103 SET @OLD_TIME_ZONE=@@TIME_ZONE */;
/*!40103 SET TIME_ZONE='+00:00' */;
/*!40014 SET @OLD_UNIQUE_CHECKS=@@UNIQUE_CHECKS, UNIQUE_CHECKS=0 */;
/*!40014 SET @OLD_FOREIGN_KEY_CHECKS=@@FOREIGN_KEY_CHECKS, FOREIGN_KEY_CHECKS=0 */;
/*!40101 SET @OLD_SQL_MODE=@@SQL_MODE, SQL_MODE='NO_AUTO_VALUE_ON_ZERO' */;
/*!40111 SET @OLD_SQL_NOTES=@@SQL_NOTES, SQL_NOTES=0 */;

--
-- Table structure for table `Account`
--

DROP TABLE IF EXISTS `Account`;
/*!40101 SET @saved_cs_client     = @@character_set_client */;
/*!40101 SET character_set_client = utf8 */;
CREATE TABLE `Account` (
  `AccountID` char(32) NOT NULL,
  `AccType` enum('存款','支票') DEFAULT NULL,
  `BID` char(32) NOT NULL,
  `CID` char(32) NOT NULL,
  `Balance` int(11) DEFAULT NULL,
  `Credit` int(11) DEFAULT NULL,
  `IRate` float DEFAULT NULL,
  `CDate` date DEFAULT NULL,
  `Lvisit` date DEFAULT NULL,
  `EID` char(32) NOT NULL,
  `CNY` char(8) DEFAULT NULL,
  PRIMARY KEY (`AccountID`),
  UNIQUE KEY `CID` (`CID`,`BID`,`AccType`),
  KEY `BID` (`BID`),
  KEY `EID` (`EID`),
  CONSTRAINT `Account_ibfk_1` FOREIGN KEY (`CID`) REFERENCES `Customer` (`CustomerID`),
  CONSTRAINT `Account_ibfk_2` FOREIGN KEY (`BID`) REFERENCES `Branch` (`BranchID`),
  CONSTRAINT `Account_ibfk_3` FOREIGN KEY (`EID`) REFERENCES `Employee` (`EmployeeID`)
) ENGINE=InnoDB DEFAULT CHARSET=utf8;
/*!40101 SET character_set_client = @saved_cs_client */;

--
-- Dumping data for table `Account`
--

LOCK TABLES `Account` WRITE;
/*!40000 ALTER TABLE `Account` DISABLE KEYS */;
INSERT INTO `Account` VALUES ('a0','存款','b00002','388221911275387000',15900,0,0.013,'2016-02-01','2017-11-23','447442195010094360','人民币'),('a00000001','存款','b00001','986269198802046521',1000,0,0.04,'2018-07-04','2018-09-04','277913195803253824','人民币'),('a00000003','存款','b00002','986269198802046521',1000,0,0.04,'2018-03-14','2018-03-27','277913195803253824','人名币'),('a00000004','存款','b00002','190014200110278996',4000,0,0.04,'2018-03-21','2018-03-31','507411199811208233','人名币'),('a00000005','存款','b00005','196814915716529000',1100,0,0.014,'2015-08-14','2016-12-28','383554199409095643','人民币'),('a00000006','存款','b00001','171049195306142545',1000,0,0.019,'2015-07-06','2015-03-12','337314195012272195','人民币'),('a00000007','存款','b00005','700232197611273893',12400,0,0.013,'2017-05-23','2018-08-08','869167200205094147','人民币'),('a00000008','存款','b00004','468169195611164850',8500,0,0.01,'2017-10-13','2016-09-01','887393199602166973','人民币'),('a00000009','存款','b00002','330183198505203383',16600,0,0.013,'2018-12-03','2018-03-20','139054200001046060','人民币'),('a00000010','存款','b00004','291007196901091395',13400,0,0.017,'2018-01-16','2018-05-22','691455200904051938','人民币'),('a00000011','存款','b00005','885652864767652000',1300,0,0.015,'2018-02-18','2016-07-22','748320200903071646','人民币'),('a00000012','存款','b00005','691551198208021559',18400,0,0.012,'2017-11-28','2018-05-06','795825200705233872','人民币'),('a00000013','存款','b00001','740588066297726000',12300,0,0.019,'2018-03-25','2015-03-19','923167197802019366','人民币'),('a00000014','存款','b00003','816940196708145052',9900,0,0.01,'2017-12-05','2016-08-14','538107199201239288','人民币'),('a00000015','存款','b00005','425838199201129153',14700,0,0.018,'2016-10-15','2017-06-02','748320200903071646','人民币'),('a00000016','存款','b00004','561078788942470000',14900,0,0.012,'2017-10-12','2016-03-21','923167197802019366','人民币'),('a00000017','存款','b00005','883060195111168749',16600,0,0.012,'2018-05-23','2018-02-13','570695197008037396','人民币'),('a00000018','存款','b00003','733203902799981000',4000,0,0.014,'2016-06-16','2016-05-17','707223197012073613','人民币'),('a00000019','存款','b00003','171049195306142545',1900,0,0.018,'2018-05-02','2018-04-10','514590199104099657','人民币'),('a00000020','存款','b00002','505530198908107012',11300,0,0.011,'2018-04-27','2017-12-14','648744198004219328','人民币'),('a00000021','存款','b00006','190014200110278996',14500,0,0.01,'2016-10-23','2018-05-28','315611196803279207','人民币'),('a00000022','存款','b00002','366551874975712000',19300,0,0.017,'2015-11-10','2016-03-26','887393199602166973','人民币'),('a00000023','存款','b00004','787520398961273000',5200,0,0.016,'2017-03-05','2015-04-01','524745198005288639','人民币'),('a00000024','存款','b00001','360746199408068987',3700,0,0.01,'2017-03-11','2018-06-07','748320200903071646','人民币'),('a00000025','存款','b00002','339391196001037337',17800,0,0.013,'2017-10-13','2017-04-08','194431195102157814','人民币'),('a00000026','存款','b00006','171049195306142545',3100,0,0.016,'2015-10-22','2015-03-14','447442195010094360','人民币'),('a00000027','存款','b00001','596827198702095457',3900,0,0.02,'2016-01-03','2017-07-19','576336197810213996','人民币'),('a00000028','存款','b00006','526578200004147146',18200,0,0.011,'2015-04-02','2015-02-03','707223197012073613','人民币'),('a00000029','存款','b00003','808968206216983000',16700,0,0.015,'2017-04-11','2018-08-29','538107199201239288','人民币'),('a00000030','存款','b00001','833156197711155733',17600,0,0.013,'2015-10-10','2016-11-04','691455200904051938','人民币'),('a00000031','存款','b00003','879408407397684000',9800,0,0.02,'2017-03-03','2015-10-08','447442195010094360','人民币'),('a00000032','存款','b00003','843768197408046528',18000,0,0.014,'2015-03-23','2017-08-03','315611196803279207','人民币'),('a00000033','存款','b00003','740588066297726000',8300,0,0.018,'2016-08-23','2018-06-30','777217199611135415','人民币'),('a00000034','存款','b00003','782406198901063228',11400,0,0.019,'2016-05-07','2018-10-09','447442195010094360','人民币'),('a00000035','存款','b00005','206379842600075000',14600,0,0.018,'2017-03-10','2018-10-24','447442195010094360','人民币'),('a00000036','存款','b00003','218498059520640000',2400,0,0.02,'2016-03-15','2015-08-06','748320200903071646','人民币'),('a00000037','存款','b00004','666837588262248000',7800,0,0.014,'2018-10-16','2016-01-06','576336197810213996','人民币'),('a00000038','存款','b00001','218498059520640000',9700,0,0.015,'2016-05-27','2018-12-05','139054200001046060','人民币'),('a00000039','存款','b00001','376055196107255791',4100,0,0.018,'2018-08-28','2017-07-12','777217199611135415','人民币'),('a00000040','存款','b00001','274778196910138989',16900,0,0.015,'2016-10-22','2015-04-20','748320200903071646','人民币'),('a00000041','存款','b00002','691551198208021559',18200,0,0.017,'2015-06-18','2016-10-12','514590199104099657','人民币'),('a00000042','存款','b00001','448203198009234130',19700,0,0.02,'2017-08-19','2015-05-10','538107199201239288','人民币'),('a00000043','存款','b00006','154795196607202401',13700,0,0.013,'2017-01-13','2015-01-30','514590199104099657','人民币'),('a00000044','存款','b00006','618382198104111591',4000,0,0.011,'2016-01-26','2018-06-26','538107199201239288','人民币'),('a00000045','存款','b00004','154795196607202401',11600,0,0.013,'2015-06-09','2016-01-03','795825200705233872','人民币'),('a00000046','存款','b00001','526578200004147146',19800,0,0.012,'2016-05-31','2015-02-08','984431200109269354','人民币'),('a00000047','存款','b00003','782576195212059447',10300,0,0.015,'2017-05-25','2017-11-25','576336197810213996','人民币'),('a00000048','存款','b00005','171049195306142545',19200,0,0.017,'2016-04-22','2016-04-17','870483197807255885','人民币'),('a00000049','存款','b00005','808608195811238242',4600,0,0.018,'2018-06-26','2016-11-10','777217199611135415','人民币'),('a00000050','存款','b00004','206379842600075000',8000,0,0.013,'2016-06-12','2018-11-20','277913195803253824','人民币'),('a00000051','存款','b00002','799203196407202314',9700,0,0.02,'2017-03-19','2015-09-28','570695197008037396','人民币'),('a00000052','存款','b00002','578648197502278772',8900,0,0.015,'2015-03-18','2017-01-13','869167200205094147','人民币'),('a00000053','存款','b00004','150138198208101460',3000,0,0.01,'2018-04-13','2018-07-08','923167197802019366','人民币'),('a00000054','存款','b00002','879408407397684000',3100,0,0.015,'2018-06-02','2015-01-02','576336197810213996','人民币'),('a00000055','存款','b00005','833156197711155733',10500,0,0.015,'2018-03-28','2018-07-28','923167197802019366','人民币'),('a00000056','存款','b00003','229963479584076000',9500,0,0.015,'2015-10-25','2017-08-19','194431195102157814','人民币'),('a00000057','存款','b00003','790051200209071510',12500,0,0.01,'2015-01-17','2016-09-27','277913195803253824','人民币'),('a00000058','存款','b00004','422721196311073559',6800,0,0.011,'2016-03-24','2018-07-30','337314195012272195','人民币'),('a00000059','存款','b00001','843768197408046528',19000,0,0.014,'2018-10-29','2015-02-16','869167200205094147','人民币'),('a00000060','存款','b00001','618382198104111591',8300,0,0.013,'2018-12-03','2017-01-17','748320200903071646','人民币'),('a00000061','存款','b00003','832541199309139330',4200,0,0.012,'2017-04-22','2018-04-14','795825200705233872','人民币'),('a00000062','存款','b00006','235723200607222202',8500,0,0.016,'2017-08-03','2017-10-15','795825200705233872','人民币'),('a00000063','存款','b00002','526578200004147146',3900,0,0.019,'2018-12-20','2017-10-08','795825200705233872','人民币'),('a00000064','存款','b00004','363698200411142511',5400,0,0.016,'2017-05-10','2016-03-25','923167197802019366','人民币'),('a00000065','存款','b00004','986269198802046521',7600,0,0.013,'2016-07-07','2015-09-30','576336197810213996','人民币'),('a00000066','存款','b00004','972921198006062969',2700,0,0.013,'2017-05-19','2018-12-17','507411199811208233','人民币'),('a00000068','存款','b00003','266221199711097585',14400,0,0.01,'2016-07-23','2017-09-05','514590199104099657','人民币'),('a00000069','存款','b00005','376055196107255791',12200,0,0.02,'2015-09-26','2016-11-28','795825200705233872','人民币'),('a00000071','存款','b00006','496546196505151962',8000,0,0.015,'2016-04-03','2015-05-07','923167197802019366','人民币'),('a00000072','存款','b00001','218181196508272079',12400,0,0.014,'2018-04-27','2018-01-25','139054200001046060','人民币'),('a00000073','存款','b00003','448203198009234130',16200,0,0.02,'2016-09-15','2015-02-15','383554199409095643','人民币'),('a00000074','存款','b00003','624351908721968000',16000,0,0.012,'2015-06-27','2016-09-13','777217199611135415','人民币'),('a00000075','存款','b00001','314851878074055000',10500,0,0.015,'2016-03-21','2017-03-18','538107199201239288','人民币'),('a00000076','存款','b00001','502044199106255912',16900,0,0.014,'2017-03-20','2016-03-12','139054200001046060','人民币'),('a00000077','存款','b00005','360746199408068987',7600,0,0.015,'2018-12-02','2017-06-09','576336197810213996','人民币'),('a00000078','存款','b00005','762366473417498000',19200,0,0.012,'2017-11-03','2017-03-05','337314195012272195','人民币'),('a00000079','存款','b00005','334600198610217949',9900,0,0.019,'2018-02-25','2018-12-09','194431195102157814','人民币'),('a00000080','存款','b00002','557726195303279134',14600,0,0.018,'2015-01-22','2018-09-29','870483197807255885','人民币'),('a00000081','存款','b00004','270264195304032389',4300,0,0.019,'2018-11-07','2016-02-08','514590199104099657','人民币'),('a00000082','存款','b00003','425838199201129153',13800,0,0.02,'2016-07-28','2016-05-29','447442195010094360','人民币'),('a00000083','存款','b00006','321081199205128060',1100,0,0.011,'2018-09-11','2018-02-19','576336197810213996','人民币'),('a00000084','存款','b00001','717742200412122341',11500,0,0.02,'2018-09-30','2018-12-02','777217199611135415','人民币'),('a00000141','存款','b00006','367204125243488000',8000,0,0.012,'2015-12-02','2018-02-05','691455200904051938','人民币'),('a00000142','存款','b00004','833156197711155733',13700,0,0.019,'2018-02-25','2017-11-10','870483197807255885','人民币'),('a00000143','存款','b00004','367204125243488000',1400,0,0.01,'2018-04-13','2015-10-30','570695197008037396','人民币'),('a00000144','存款','b00004','526578200004147146',15700,0,0.015,'2017-09-16','2015-03-14','310085198507084421','人民币'),('a00000145','存款','b00003','858748867207014000',12000,0,0.013,'2018-10-12','2018-01-22','507411199811208233','人民币'),('a00000146','存款','b00004','274778196910138989',17600,0,0.018,'2015-04-01','2018-04-21','194431195102157814','人民币'),('a00000147','存款','b00001','624351908721968000',19600,0,0.013,'2016-09-14','2016-09-27','777217199611135415','人民币'),('a00000148','存款','b00006','808968206216983000',1400,0,0.02,'2018-01-22','2016-05-04','538107199201239288','人民币'),('a00000160','存款','b00005','816940196708145052',11700,0,0.013,'2017-12-18','2018-03-09','707223197012073613','人民币'),('a00000161','存款','b00002','956810750792974000',17800,0,0.014,'2018-10-05','2015-03-05','869167200205094147','人民币'),('a00000162','存款','b00005','496546196505151962',7300,0,0.02,'2018-01-15','2016-10-30','887393199602166973','人民币'),('a00000163','存款','b00005','270264195304032389',6700,0,0.014,'2015-10-21','2017-05-28','576336197810213996','人民币'),('a00000164','存款','b00006','879408407397684000',12500,0,0.016,'2015-03-15','2017-11-16','310085198507084421','人民币'),('a00000166','存款','b00005','337540198806179622',3800,0,0.01,'2015-08-19','2015-07-04','570695197008037396','人民币'),('a00000167','存款','b00004','260569200110057966',13900,0,0.019,'2016-11-27','2016-04-14','447442195010094360','人民币'),('a00000168','存款','b00003','657040200706032197',5500,0,0.02,'2015-05-11','2017-02-13','870483197807255885','人民币'),('a00000169','存款','b00002','337540198806179622',3900,0,0.015,'2018-06-30','2015-10-05','524745198005288639','人民币'),('a00000170','存款','b00006','496490196110217243',4400,0,0.013,'2015-05-24','2015-11-18','691455200904051938','人民币'),('a00000171','存款','b00001','367204125243488000',11900,0,0.017,'2018-07-02','2016-09-25','870483197807255885','人民币'),('a00000177','存款','b00002','154795196607202401',2300,0,0.014,'2018-02-06','2015-12-02','923167197802019366','人民币'),('a00000179','存款','b00006','370852196904104574',12100,0,0.02,'2018-06-26','2015-02-12','869167200205094147','人民币'),('a00000180','存款','b00004','171049195306142545',13600,0,0.012,'2017-10-03','2016-02-22','310085198507084421','人民币'),('a00000183','存款','b00006','972921198006062969',1700,0,0.013,'2018-12-26','2018-05-07','795825200705233872','人民币'),('a00000184','存款','b00003','691551198208021559',14500,0,0.019,'2016-12-11','2015-03-22','870483197807255885','人民币'),('a00000192','存款','b00002','832541199309139330',13700,0,0.013,'2016-05-29','2017-04-07','514590199104099657','人民币'),('a00000193','存款','b00002','596827198702095457',15300,0,0.017,'2018-04-03','2017-11-29','139054200001046060','人民币'),('a00000194','存款','b00003','634403912136225000',14900,0,0.011,'2018-02-14','2018-03-14','507411199811208233','人民币'),('a00000195','存款','b00003','833274969466301000',16000,0,0.015,'2018-08-14','2017-10-11','648744198004219328','人民币'),('a00000196','存款','b00002','340341197104092307',1200,0,0.016,'2015-11-17','2018-05-18','576336197810213996','人民币'),('a00000197','存款','b00002','314331200102283149',10500,0,0.018,'2018-05-28','2018-12-20','524745198005288639','人民币'),('a00000198','存款','b00005','505530198908107012',6200,0,0.011,'2016-06-03','2018-08-17','923167197802019366','人民币'),('a00000199','存款','b00001','291007196901091395',11100,0,0.014,'2015-02-11','2018-06-26','923167197802019366','人民币'),('a00000200','存款','b00006','747236197605235779',1700,0,0.015,'2016-06-05','2017-10-25','887393199602166973','人民币'),('a00000201','存款','b00001','879408407397684000',2900,0,0.013,'2015-08-30','2017-03-16','748320200903071646','人民币'),('a00000203','存款','b00002','236309936229269000',15800,0,0.016,'2015-03-09','2017-10-25','887393199602166973','人民币'),('a00000204','存款','b00003','782994839282246000',8800,0,0.01,'2015-06-10','2015-04-27','507411199811208233','人民币'),('a00000205','存款','b00003','502044199106255912',1800,0,0.012,'2017-04-24','2015-10-24','869167200205094147','人民币'),('a00000206','存款','b00005','107027198801028037',16900,0,0.013,'2016-06-07','2016-06-27','514590199104099657','人民币'),('a00000211','存款','b00004','557726195303279134',18500,0,0.016,'2015-08-27','2018-07-31','139054200001046060','人民币'),('a00000216','存款','b00004','843768197408046528',8500,0,0.019,'2017-04-03','2018-04-30','887393199602166973','人民币'),('a00000217','存款','b00002','786021113847010000',1600,0,0.017,'2015-04-04','2015-02-13','524745198005288639','人民币'),('a00000218','存款','b00003','291007196901091395',15500,0,0.015,'2015-09-24','2016-12-06','277913195803253824','人民币'),('a00000219','存款','b00006','505530198908107012',14000,0,0.013,'2017-11-04','2016-06-11','447442195010094360','人民币'),('a00000220','存款','b00006','762366473417498000',5600,0,0.018,'2016-07-14','2017-08-19','277913195803253824','人民币'),('a00000221','存款','b00006','657040200706032197',15700,0,0.014,'2015-09-16','2018-04-27','383554199409095643','人民币'),('a00000222','存款','b00002','618382198104111591',13900,0,0.018,'2016-10-31','2018-04-26','315611196803279207','人民币'),('a00000243','存款','b00002','883060195111168749',6500,0,0.017,'2015-03-13','2016-02-22','447442195010094360','人民币'),('a00000244','存款','b00006','967989197911209205',10000,0,0.014,'2015-12-05','2016-08-10','707223197012073613','人民币'),('a00000245','存款','b00005','154795196607202401',5700,0,0.013,'2015-10-17','2017-06-25','707223197012073613','人民币'),('a00000247','存款','b00002','334600198610217949',6900,0,0.011,'2016-07-21','2017-04-01','524745198005288639','人民币'),('a00000249','存款','b00003','314331200102283149',8300,0,0.016,'2017-10-12','2017-01-08','507411199811208233','人民币'),('a00000250','存款','b00001','738067195912159205',4700,0,0.011,'2017-02-25','2016-09-23','383554199409095643','人民币'),('a00000251','存款','b00002','270264195304032389',10900,0,0.017,'2017-06-04','2017-07-23','315611196803279207','人民币'),('a00000253','存款','b00001','674972195902142993',5900,0,0.012,'2018-04-06','2018-04-10','984431200109269354','人民币'),('a00000256','存款','b00001','422721196311073559',9800,0,0.016,'2017-01-18','2017-05-05','139054200001046060','人民币'),('a00000257','存款','b00001','699993196011082301',9000,0,0.016,'2015-01-17','2016-04-04','524745198005288639','人民币'),('a00000258','存款','b00001','760111315815751000',3500,0,0.017,'2015-08-14','2017-06-02','315611196803279207','人民币'),('a00000260','存款','b00005','330183198505203383',6200,0,0.017,'2017-08-14','2015-05-06','514590199104099657','人民币'),('a00000261','存款','b00005','150138198208101460',10000,0,0.013,'2016-07-13','2015-06-27','383554199409095643','人民币'),('a00000264','存款','b00003','459801200510184433',8900,0,0.02,'2015-10-04','2016-02-29','570695197008037396','人民币'),('a00000265','存款','b00006','883060195111168749',19100,0,0.019,'2018-01-08','2017-12-03','139054200001046060','人民币'),('a00000267','存款','b00005','967989197911209205',4600,0,0.02,'2016-03-14','2017-04-25','277913195803253824','人民币'),('a00000268','存款','b00005','511901156114926000',12700,0,0.017,'2016-02-19','2018-04-21','795825200705233872','人民币'),('a00000269','存款','b00006','107027198801028037',3800,0,0.017,'2018-05-05','2016-01-29','139054200001046060','人民币'),('a00000270','存款','b00002','625424543161467000',19400,0,0.014,'2017-11-03','2018-09-29','887393199602166973','人民币'),('a00000271','存款','b00005','852336196311234201',9100,0,0.015,'2016-07-13','2017-12-24','310085198507084421','人民币'),('a00000348','存款','b00002','107027198801028037',4200,0,0.018,'2017-02-23','2018-09-07','707223197012073613','人民币'),('a00000351','存款','b00002','777939197009052644',2600,0,0.012,'2018-04-13','2015-01-31','507411199811208233','人民币'),('a00000352','存款','b00002','235723200607222202',16200,0,0.012,'2017-05-16','2017-12-05','139054200001046060','人民币'),('a00000375','存款','b00005','790051200209071510',6700,0,0.014,'2016-02-06','2018-11-12','576336197810213996','人民币'),('a00000376','存款','b00001','206379842600075000',10700,0,0.019,'2018-02-04','2018-08-10','507411199811208233','人民币'),('a00000377','存款','b00002','631819945185594000',14300,0,0.02,'2018-05-02','2018-10-15','748320200903071646','人民币'),('a00000425','存款','b00001','747236197605235779',5900,0,0.01,'2017-03-11','2015-05-25','777217199611135415','人民币'),('a00000426','存款','b00006','363698200411142511',15800,0,0.014,'2017-10-13','2016-08-28','870483197807255885','人民币'),('a00000427','存款','b00006','782994839282246000',19100,0,0.017,'2018-02-12','2018-11-17','538107199201239288','人民币'),('a00000428','存款','b00002','717742200412122341',15100,0,0.016,'2016-05-26','2017-04-01','707223197012073613','人民币'),('a00000430','存款','b00005','799203196407202314',12300,0,0.01,'2015-02-12','2018-04-29','514590199104099657','人民币'),('a00000431','存款','b00005','634403912136225000',15900,0,0.014,'2018-09-14','2018-01-09','923167197802019366','人民币'),('a00000434','存款','b00001','634403912136225000',13500,0,0.011,'2015-06-14','2015-03-11','576336197810213996','人民币'),('a00000435','存款','b00002','291007196901091395',18500,0,0.014,'2016-10-12','2018-06-07','337314195012272195','人民币'),('a00000436','存款','b00002','352079200403079040',6500,0,0.016,'2018-07-06','2018-12-16','748320200903071646','人民币'),('a00000451','存款','b00002','561078788942470000',9500,0,0.02,'2015-11-22','2018-08-31','984431200109269354','人民币'),('a00000452','存款','b00002','858748867207014000',4700,0,0.012,'2018-07-14','2016-08-08','648744198004219328','人民币'),('a00000454','存款','b00005','352079200403079040',8100,0,0.02,'2017-10-06','2017-07-24','887393199602166973','人民币'),('a00000458','存款','b00002','468169195611164850',6500,0,0.019,'2017-04-05','2015-03-02','887393199602166973','人民币'),('a00000460','存款','b00003','339391196001037337',4600,0,0.011,'2016-02-27','2018-09-02','310085198507084421','人民币'),('a00000462','存款','b00002','666837588262248000',5400,0,0.015,'2017-04-13','2015-11-13','315611196803279207','人民币'),('a00000464','存款','b00003','717742200412122341',13300,0,0.019,'2018-05-18','2017-05-11','870483197807255885','人民币'),('a00000465','存款','b00002','860022912436631000',13200,0,0.01,'2015-05-11','2017-08-10','514590199104099657','人民币'),('a00000467','存款','b00005','314851878074055000',4200,0,0.015,'2015-05-23','2015-08-31','707223197012073613','人民币'),('a00000469','存款','b00003','366551874975712000',16700,0,0.019,'2016-10-05','2016-02-10','524745198005288639','人民币'),('a00000470','存款','b00002','158981198311163374',1800,0,0.01,'2018-09-15','2018-05-12','310085198507084421','人民币'),('a00000471','存款','b00005','526578200004147146',8500,0,0.015,'2018-06-21','2017-10-10','194431195102157814','人民币'),('a00000472','存款','b00002','314851878074055000',17200,0,0.01,'2017-09-15','2017-07-31','795825200705233872','人民币'),('a00000475','存款','b00002','634403912136225000',4800,0,0.02,'2016-07-29','2016-04-03','691455200904051938','人民币'),('a00000476','存款','b00001','762366473417498000',20000,0,0.017,'2015-06-03','2016-03-07','707223197012073613','人民币'),('a00000478','存款','b00006','691551198208021559',14400,0,0.016,'2015-10-09','2018-07-19','576336197810213996','人民币'),('a00000491','存款','b00001','808968206216983000',14900,0,0.014,'2018-05-26','2016-02-25','194431195102157814','人民币'),('a00000493','存款','b00003','852336196311234201',18000,0,0.013,'2017-03-23','2015-11-11','277913195803253824','人民币'),('a00000494','存款','b00006','833156197711155733',16900,0,0.011,'2015-09-03','2017-05-20','315611196803279207','人民币'),('a00000496','存款','b00002','496546196505151962',7800,0,0.016,'2017-01-18','2018-01-11','648744198004219328','人民币'),('a00000497','存款','b00005','260569200110057966',7200,0,0.018,'2015-08-17','2015-11-12','447442195010094360','人民币'),('a00000498','存款','b00002','150138198208101460',5800,0,0.011,'2018-01-14','2018-03-17','315611196803279207','人民币'),('a00000499','存款','b00001','107027198801028037',13600,0,0.01,'2016-01-06','2017-08-19','648744198004219328','人民币'),('a00000501','存款','b00001','790051200209071510',10800,0,0.011,'2016-02-06','2016-08-02','748320200903071646','人民币'),('a00000504','存款','b00002','740588066297726000',9500,0,0.019,'2017-03-02','2016-01-07','514590199104099657','人民币'),('a00000507','存款','b00004','624351908721968000',10100,0,0.012,'2016-12-13','2017-03-06','777217199611135415','人民币'),('a00000511','存款','b00004','967989197911209205',3700,0,0.016,'2016-12-10','2017-01-27','447442195010094360','人民币'),('a00000512','存款','b00002','937874618490615000',12600,0,0.014,'2018-02-17','2016-12-12','748320200903071646','人民币'),('a00000543','存款','b00004','808608195811238242',18300,0,0.019,'2017-12-23','2018-05-13','507411199811208233','人民币'),('a00000546','存款','b00003','361951199301056355',18300,0,0.014,'2016-08-31','2015-07-30','707223197012073613','人民币'),('a00000547','存款','b00004','345441197406166821',7100,0,0.012,'2017-10-25','2015-01-04','923167197802019366','人民币'),('a00000549','存款','b00003','345441197406166821',7000,0,0.018,'2018-04-13','2016-01-11','524745198005288639','人民币'),('a00000551','存款','b00004','337540198806179622',7400,0,0.02,'2017-04-03','2018-03-12','315611196803279207','人民币'),('a00000552','存款','b00003','270264195304032389',3600,0,0.012,'2015-02-17','2018-03-16','277913195803253824','人民币'),('a00000569','存款','b00005','578648197502278772',3300,0,0.016,'2015-09-25','2015-10-28','869167200205094147','人民币'),('a00000570','存款','b00006','793249198112046530',10300,0,0.017,'2016-07-19','2018-07-07','315611196803279207','人民币'),('a00000603','存款','b00005','986269198802046521',3800,0,0.014,'2016-05-28','2018-05-26','648744198004219328','人民币'),('a00000618','存款','b00003','187768436060834000',5000,0,0.017,'2015-08-28','2017-10-14','310085198507084421','人民币'),('a00000621','存款','b00005','832541199309139330',17200,0,0.018,'2016-08-24','2015-06-12','194431195102157814','人民币'),('a00000625','存款','b00006','270264195304032389',14200,0,0.013,'2016-06-25','2017-11-19','887393199602166973','人民币'),('a00000636','存款','b00004','738067195912159205',1000,0,0.016,'2015-05-18','2017-03-09','524745198005288639','人民币'),('a00000637','存款','b00002','801737198609117021',7700,0,0.014,'2018-10-02','2016-07-07','748320200903071646','人民币'),('a00000638','存款','b00003','762208560052379000',16600,0,0.012,'2018-05-08','2015-05-16','887393199602166973','人民币'),('a00000640','存款','b00006','607924984220553000',14800,0,0.018,'2018-11-23','2017-04-08','139054200001046060','人民币'),('a00000641','存款','b00002','448203198009234130',10700,0,0.015,'2018-03-07','2015-10-06','383554199409095643','人民币'),('a00000645','存款','b00001','187768436060834000',9200,0,0.019,'2016-05-30','2016-04-20','337314195012272195','人民币'),('a00000654','存款','b00005','496490196110217243',2000,0,0.016,'2016-07-14','2018-07-25','691455200904051938','人民币'),('a00000655','存款','b00001','190014200110278996',8800,0,0.019,'2015-01-11','2016-08-21','277913195803253824','人民币'),('a00000656','存款','b00006','187768436060834000',17900,0,0.01,'2018-07-16','2018-03-19','524745198005288639','人民币'),('a00000657','存款','b00006','690650679497752000',13700,0,0.015,'2017-06-02','2017-12-29','447442195010094360','人民币'),('a00000659','存款','b00003','801737198609117021',9200,0,0.011,'2015-12-18','2015-09-03','870483197807255885','人民币'),('a00000662','存款','b00001','883060195111168749',15900,0,0.014,'2015-03-10','2015-12-16','447442195010094360','人民币'),('a00000663','存款','b00002','782994839282246000',8500,0,0.011,'2016-04-19','2018-02-16','777217199611135415','人民币'),('a00000664','存款','b00002','723929298253072000',16500,0,0.019,'2018-02-26','2018-01-31','538107199201239288','人民币'),('a00000665','存款','b00001','235807197410158645',15300,0,0.018,'2018-12-30','2015-11-22','795825200705233872','人民币'),('a00000667','存款','b00003','596827198702095457',12700,0,0.017,'2017-12-22','2017-09-22','315611196803279207','人民币'),('a00000668','存款','b00003','475511849876055000',13900,0,0.019,'2015-05-20','2018-02-11','648744198004219328','人民币'),('a00000669','存款','b00002','700232197611273893',16900,0,0.011,'2017-03-20','2017-01-10','524745198005288639','人民币'),('a00000675','存款','b00005','513006200808285276',2900,0,0.015,'2016-09-25','2017-10-29','869167200205094147','人民币'),('a00000676','存款','b00005','625424543161467000',11800,0,0.014,'2015-09-11','2016-01-06','337314195012272195','人民币'),('a00000677','存款','b00004','334600198610217949',8100,0,0.018,'2018-04-01','2017-11-04','576336197810213996','人民币'),('a00000678','存款','b00006','397195550706970000',13500,0,0.011,'2017-09-05','2018-12-04','984431200109269354','人民币'),('a00000682','存款','b00002','376055196107255791',4200,0,0.017,'2018-11-04','2018-08-18','984431200109269354','人民币'),('a00000684','存款','b00005','740588066297726000',11800,0,0.012,'2015-01-23','2015-04-13','869167200205094147','人民币'),('a00000685','存款','b00002','459801200510184433',1400,0,0.017,'2018-04-04','2017-04-20','923167197802019366','人民币'),('a00000687','存款','b00001','657040200706032197',18200,0,0.016,'2018-11-02','2018-05-05','194431195102157814','人民币'),('a00000689','存款','b00001','260569200110057966',3200,0,0.017,'2017-08-01','2015-01-12','870483197807255885','人民币'),('a00000699','存款','b00003','468169195611164850',2500,0,0.016,'2017-05-31','2018-08-10','984431200109269354','人民币'),('a00000700','存款','b00004','782406198901063228',6100,0,0.019,'2018-05-16','2015-08-26','795825200705233872','人民币'),('a00000701','存款','b00004','388221911275387000',19300,0,0.015,'2018-04-07','2015-03-01','315611196803279207','人民币'),('a00000702','存款','b00005','699993196011082301',12100,0,0.013,'2016-03-19','2016-09-01','383554199409095643','人民币'),('a00000703','存款','b00004','858748867207014000',18400,0,0.018,'2016-04-23','2018-12-03','383554199409095643','人民币'),('a00000704','存款','b00001','909046199404275160',12400,0,0.015,'2016-01-05','2017-12-03','923167197802019366','人民币'),('a00000705','存款','b00003','786021113847010000',8900,0,0.018,'2016-02-03','2015-08-27','538107199201239288','人民币'),('a00000706','存款','b00005','448203198009234130',1400,0,0.011,'2015-10-13','2016-06-30','315611196803279207','人民币'),('a00000707','存款','b00006','266221199711097585',2900,0,0.015,'2015-09-17','2018-05-10','648744198004219328','人民币'),('a00000708','存款','b00004','674972195902142993',17600,0,0.011,'2017-11-11','2015-11-08','310085198507084421','人民币'),('a00000715','存款','b00005','786021113847010000',4100,0,0.01,'2018-09-04','2015-11-04','310085198507084421','人民币'),('a00000718','存款','b00005','782994839282246000',12200,0,0.013,'2015-11-21','2017-12-24','887393199602166973','人民币'),('a00000720','存款','b00006','799203196407202314',14500,0,0.02,'2018-05-21','2015-10-06','447442195010094360','人民币'),('a00000721','存款','b00005','557726195303279134',8900,0,0.013,'2016-06-07','2015-07-05','277913195803253824','人民币'),('a00000724','存款','b00005','793249198112046530',9200,0,0.018,'2015-03-27','2015-08-19','777217199611135415','人民币'),('a00000747','存款','b00002','816940196708145052',12200,0,0.012,'2018-02-02','2017-11-06','194431195102157814','人民币'),('a00000749','存款','b00004','812712867285909000',5000,0,0.014,'2018-03-26','2017-07-31','748320200903071646','人民币'),('a00000762','存款','b00003','321081199205128060',18700,0,0.012,'2016-07-08','2015-06-23','648744198004219328','人民币'),('a00000763','存款','b00003','367204125243488000',15700,0,0.012,'2016-09-29','2017-01-15','691455200904051938','人民币'),('a00000776','存款','b00005','666837588262248000',19500,0,0.013,'2015-07-14','2016-08-11','315611196803279207','人民币'),('a00000777','存款','b00006','986269198802046521',7500,0,0.016,'2017-12-30','2018-03-24','337314195012272195','人民币'),('a00000786','存款','b00006','314331200102283149',2000,0,0.011,'2015-07-29','2016-06-25','707223197012073613','人民币'),('a00000787','存款','b00002','496490196110217243',7300,0,0.019,'2017-09-12','2015-09-17','870483197807255885','人民币'),('a00000788','存款','b00004','187768436060834000',8800,0,0.018,'2018-07-18','2018-06-28','707223197012073613','人民币'),('a00000789','存款','b00002','833274969466301000',15800,0,0.015,'2017-06-13','2016-12-17','447442195010094360','人民币'),('a00000806','存款','b00005','291007196901091395',17100,0,0.011,'2017-07-06','2018-12-01','383554199409095643','人民币'),('a00000808','存款','b00002','229963479584076000',14800,0,0.019,'2018-01-27','2015-03-22','887393199602166973','人民币'),('a00000809','存款','b00003','370852196904104574',9000,0,0.013,'2016-07-02','2016-05-02','315611196803279207','人民币'),('a00000810','存款','b00004','511901156114926000',1200,0,0.013,'2017-03-04','2017-10-05','538107199201239288','人民币'),('a00000821','存款','b00002','425838199201129153',19800,0,0.015,'2015-11-27','2018-12-17','538107199201239288','人民币'),('a00000838','存款','b00003','674972195902142993',15800,0,0.012,'2016-12-06','2015-06-25','795825200705233872','人民币'),('a00000842','存款','b00006','352079200403079040',10200,0,0.016,'2016-12-12','2017-05-29','447442195010094360','人民币'),('a00000845','存款','b00006','337540198806179622',1800,0,0.018,'2017-01-12','2017-10-05','648744198004219328','人民币'),('a00000846','存款','b00005','750442197910127673',5600,0,0.01,'2015-04-13','2015-12-24','524745198005288639','人民币'),('a00000847','存款','b00006','361951199301056355',14400,0,0.012,'2016-07-17','2016-03-20','310085198507084421','人民币'),('a00000848','存款','b00005','422721196311073559',3900,0,0.017,'2015-08-04','2018-03-25','310085198507084421','人民币'),('a00000850','存款','b00003','496490196110217243',3600,0,0.02,'2017-07-04','2018-10-19','576336197810213996','人民币'),('a00000851','存款','b00001','372242198006238080',11800,0,0.014,'2016-06-06','2017-09-06','870483197807255885','人民币'),('a00000871','存款','b00005','339391196001037337',6600,0,0.016,'2016-11-11','2017-05-11','514590199104099657','人民币'),('a00000872','存款','b00006','218498059520640000',9700,0,0.017,'2016-04-14','2015-08-15','870483197807255885','人民币'),('a00000873','存款','b00006','454581199712263076',12000,0,0.02,'2018-04-12','2018-11-07','648744198004219328','人民币'),('a00000874','存款','b00005','723929298253072000',12400,0,0.013,'2017-03-01','2018-08-11','194431195102157814','人民币'),('a00000875','存款','b00001','578648197502278772',15900,0,0.01,'2017-03-12','2015-10-13','887393199602166973','人民币'),('a00000876','存款','b00004','808968206216983000',4900,0,0.011,'2018-04-30','2015-06-30','310085198507084421','人民币'),('a00000877','存款','b00003','578648197502278772',19400,0,0.011,'2018-05-13','2017-03-06','139054200001046060','人民币'),('a00000878','存款','b00003','260569200110057966',8800,0,0.018,'2018-04-19','2017-09-21','139054200001046060','人民币'),('a00000879','存款','b00006','625424543161467000',18800,0,0.01,'2018-07-08','2016-09-01','887393199602166973','人民币'),('a00000883','存款','b00001','366551874975712000',1400,0,0.014,'2015-05-06','2016-03-05','524745198005288639','人民币'),('a00000886','存款','b00006','790051200209071510',17400,0,0.013,'2015-11-15','2015-03-30','194431195102157814','人民币'),('a00000889','存款','b00001','937874618490615000',5200,0,0.013,'2018-05-04','2016-06-22','691455200904051938','人民币'),('a00000890','存款','b00003','793249198112046530',7000,0,0.01,'2016-05-16','2016-04-26','691455200904051938','人民币'),('a00000892','存款','b00001','340341197104092307',19900,0,0.014,'2015-07-30','2016-02-13','777217199611135415','人民币'),('a00000898','存款','b00002','502044199106255912',13200,0,0.011,'2018-04-18','2015-01-26','691455200904051938','人民币'),('a00000899','存款','b00003','373178196407207675',11200,0,0.019,'2016-11-12','2017-09-04','514590199104099657','人民币'),('a00000900','存款','b00005','782576195212059447',18100,0,0.01,'2015-06-13','2017-06-10','139054200001046060','人民币'),('a00000904','存款','b00002','782406198901063228',17400,0,0.017,'2018-02-07','2017-04-12','777217199611135415','人民币'),('a00000906','存款','b00002','372242198006238080',10600,0,0.01,'2017-02-12','2016-10-02','870483197807255885','人民币'),('a00000909','存款','b00002','321081199205128060',19900,0,0.012,'2017-07-10','2018-10-08','576336197810213996','人民币'),('a00000910','存款','b00003','723929298253072000',10700,0,0.017,'2015-11-24','2016-06-12','887393199602166973','人民币'),('a00000923','存款','b00001','459801200510184433',3500,0,0.019,'2015-01-17','2017-08-18','315611196803279207','人民币'),('a00000925','存款','b00006','812712867285909000',2500,0,0.013,'2018-01-20','2018-02-11','748320200903071646','人民币'),('a00000936','存款','b00004','883060195111168749',6900,0,0.012,'2017-03-05','2016-09-30','923167197802019366','人民币'),('a00000938','存款','b00001','314331200102283149',3000,0,0.013,'2018-10-05','2016-11-02','139054200001046060','人民币'),('a00000943','存款','b00002','690650679497752000',15000,0,0.017,'2017-09-15','2015-03-01','748320200903071646','人民币'),('a00000949','存款','b00003','625424543161467000',4600,0,0.013,'2017-12-28','2018-04-08','570695197008037396','人民币'),('a00000950','存款','b00004','596827198702095457',7500,0,0.015,'2015-04-24','2016-03-19','984431200109269354','人民币'),('a00000951','存款','b00001','321081199205128060',15800,0,0.01,'2016-03-26','2016-05-27','795825200705233872','人民币'),('a00000952','存款','b00005','229963479584076000',2000,0,0.013,'2018-01-25','2017-03-15','795825200705233872','人民币'),('a00000953','存款','b00003','972921198006062969',2200,0,0.019,'2018-07-11','2016-04-06','707223197012073613','人民币'),('a00000955','存款','b00006','314851878074055000',8100,0,0.015,'2016-10-03','2016-02-27','923167197802019366','人民币'),('a00000957','存款','b00002','235807197410158645',16100,0,0.015,'2017-05-21','2016-09-23','139054200001046060','人民币'),('a00000960','存款','b00001','330183198505203383',7700,0,0.019,'2015-03-27','2017-05-16','524745198005288639','人民币'),('a00000961','存款','b00006','185610841930534000',14000,0,0.011,'2018-01-09','2018-06-20','310085198507084421','人民币'),('a00000965','存款','b00006','366551874975712000',11900,0,0.015,'2018-04-07','2016-06-16','514590199104099657','人民币'),('a00000967','存款','b00006','372242198006238080',18900,0,0.019,'2017-01-31','2015-12-02','570695197008037396','人民币'),('a00000969','存款','b00004','448203198009234130',7400,0,0.012,'2017-10-24','2015-08-08','870483197807255885','人民币'),('a00000972','存款','b00002','885652864767652000',12500,0,0.016,'2018-02-09','2017-09-10','310085198507084421','人民币'),('a00000974','存款','b00006','274778196910138989',20000,0,0.011,'2018-01-10','2016-07-15','310085198507084421','人民币'),('a00000982','存款','b00001','833274969466301000',19200,0,0.018,'2015-07-05','2018-05-18','648744198004219328','人民币'),('a00000983','存款','b00003','799203196407202314',8700,0,0.01,'2015-01-04','2018-03-01','524745198005288639','人民币'),('a00000986','存款','b00006','860022912436631000',14500,0,0.02,'2016-05-29','2016-01-24','707223197012073613','人民币'),('a00000989','存款','b00004','513006200808285276',18900,0,0.013,'2017-11-24','2018-08-03','869167200205094147','人民币'),('a00000994','存款','b00004','860022912436631000',2700,0,0.019,'2017-09-09','2016-08-05','707223197012073613','人民币'),('a00000996','存款','b00005','618382198104111591',17200,0,0.014,'2017-11-03','2016-10-26','691455200904051938','人民币');
/*!40000 ALTER TABLE `Account` ENABLE KEYS */;
UNLOCK TABLES;

--
-- Table structure for table `AccountOwner`
--

DROP TABLE IF EXISTS `AccountOwner`;
/*!40101 SET @saved_cs_client     = @@character_set_client */;
/*!40101 SET character_set_client = utf8 */;
CREATE TABLE `AccountOwner` (
  `AID` char(32) NOT NULL,
  `CID` char(32) NOT NULL,
  PRIMARY KEY (`AID`,`CID`),
  KEY `CID` (`CID`),
  CONSTRAINT `AccountOwner_ibfk_1` FOREIGN KEY (`CID`) REFERENCES `Customer` (`CustomerID`),
  CONSTRAINT `AccountOwner_ibfk_2` FOREIGN KEY (`AID`) REFERENCES `Account` (`AccountID`)
) ENGINE=InnoDB DEFAULT CHARSET=utf8;
/*!40101 SET character_set_client = @saved_cs_client */;

--
-- Dumping data for table `AccountOwner`
--

LOCK TABLES `AccountOwner` WRITE;
/*!40000 ALTER TABLE `AccountOwner` DISABLE KEYS */;
/*!40000 ALTER TABLE `AccountOwner` ENABLE KEYS */;
UNLOCK TABLES;

--
-- Table structure for table `Branch`
--

DROP TABLE IF EXISTS `Branch`;
/*!40101 SET @saved_cs_client     = @@character_set_client */;
/*!40101 SET character_set_client = utf8 */;
CREATE TABLE `Branch` (
  `BranchID` char(8) NOT NULL,
  `BranchName` char(64) DEFAULT NULL,
  `City` char(8) DEFAULT NULL,
  `Property` int(11) DEFAULT NULL,
  PRIMARY KEY (`BranchID`),
  UNIQUE KEY `UQBN` (`BranchName`)
) ENGINE=InnoDB DEFAULT CHARSET=utf8;
/*!40101 SET character_set_client = @saved_cs_client */;

--
-- Dumping data for table `Branch`
--

LOCK TABLES `Branch` WRITE;
/*!40000 ALTER TABLE `Branch` DISABLE KEYS */;
INSERT INTO `Branch` VALUES ('b00001','合肥支行','安徽合肥',1000000),('b00002','六安支行','安徽六安',-400000),('b00003','安庆支行','安徽安庆',600000),('b00004','芜湖支行','安徽芜湖',100000),('b00005','阜阳支行','安徽阜阳',100000),('b00006','金寨支行','安徽金寨',-20000),('b00007','肥东支行','安徽肥东',-1000000);
/*!40000 ALTER TABLE `Branch` ENABLE KEYS */;
UNLOCK TABLES;

--
-- Table structure for table `Customer`
--

DROP TABLE IF EXISTS `Customer`;
/*!40101 SET @saved_cs_client     = @@character_set_client */;
/*!40101 SET character_set_client = utf8 */;
CREATE TABLE `Customer` (
  `CustomerID` char(32) NOT NULL,
  `CustomerName` char(32) DEFAULT NULL,
  `Tele` char(32) DEFAULT NULL,
  `Address` char(64) DEFAULT NULL,
  `ContactName` char(32) DEFAULT NULL,
  `ContactTele` char(32) DEFAULT NULL,
  `ContactEmail` char(32) DEFAULT NULL,
  `Relationship` char(32) DEFAULT NULL,
  PRIMARY KEY (`CustomerID`),
  UNIQUE KEY `UQ_CN` (`CustomerName`)
) ENGINE=InnoDB DEFAULT CHARSET=utf8;
/*!40101 SET character_set_client = @saved_cs_client */;

--
-- Dumping data for table `Customer`
--

LOCK TABLES `Customer` WRITE;
/*!40000 ALTER TABLE `Customer` DISABLE KEYS */;
INSERT INTO `Customer` VALUES ('107027198801028037','孙皎','15082821756','建邺','孙静','18462007726','18462007726@qq.com','父母'),('150138198208101460','留平','17303014682','汉中','留赞','18530011015','18530011015@qq.com','父母'),('154795196607202401','黄崇','13007061087','汉中','黄权','14708023723','14708023723@qq.com','父母'),('158981198311163374','孙瑜','13296449546','吴','孙静','14177908245','14177908245@qq.com','父母'),('171049195306142545','陈骞','17303026007','许昌','陈矫','16108258629','16108258629@qq.com','父母'),('185610841930534000','刘和','13645929319','汉中','刘虞','15056595265','15056595265@qq.com','父母'),('187768436060834000','张缉','17667304037','冀州','张既','17116299898','17116299898@qq.com','父母'),('190014200110278996','孙坚','17717586080','长沙','吴国太','14357615175','14357615175@qq.com','配偶'),('196814915716529000','刘琦','16387428986','益州','刘表','13859720147','13859720147@qq.com','父母'),('206379842600075000','牛辅','14701776291','扬州','董卓','16518104882','16518104882@qq.com','父母'),('218181196508272079','袁煕','14173587845','冀州','袁绍','17223046118','17223046118@qq.com','父母'),('218498059520640000','薛莹','17752673130','汝南','薛综','18759903894','18759903894@qq.com','父母'),('229963479584076000','贾充','14276601652','宛城','贾逵','16858214933','16858214933@qq.com','父母'),('235723200607222202','虞汜','17551749992','洛阳','虞翻','17910963885','17910963885@qq.com','父母'),('235807197410158645','步阐','15531090733','汝南','步骘','18869090247','18869090247@qq.com','父母'),('236309936229269000','刘琮','14525356230','幽州','刘表','13874273699','13874273699@qq.com','父母'),('260569200110057966','司马攸','16182611508','长安','司马昭','14917434967','14917434967@qq.com','父母'),('266221199711097585','朱然','16907912079','长安','朱治','18098866213','18098866213@qq.com','父母'),('270264195304032389','张遵','13799304004','梓潼','张苞','13648588624','13648588624@qq.com','父母'),('274778196910138989','孙休','15833200268','吴','孙权','16523786068','16523786068@qq.com','父母'),('289953197303132931','步协','16260290890','寿春','步骘','15478074703','15478074703@qq.com','父母'),('291007196901091395','吕拠','15953291512','并州','吕范','15240536534','15240536534@qq.com','父母'),('309725199205212879','邓忠','16368399355','洛阳','邓艾','15185740183','15185740183@qq.com','父母'),('314331200102283149','刘备','16542391018','永安','糜氏','15921852512','15921852512@qq.com','配偶'),('314851878074055000','孙亮','18516908227','扬州','孙権','14356068835','14356068835@qq.com','父母'),('321081199205128060','孙策','15456896912','建邺','孙坚','13835818954','13835818954@qq.com','父母'),('330183198505203383','王浑','13244332013','汉中','王昶','14338277117','14338277117@qq.com','父母'),('334600198610217949','傅佥','16268772485','江夏','傅彤','14038891496','14038891496@qq.com','父母'),('337540198806179622','陈表','16890740991','冀州','陈武','15846590240','15846590240@qq.com','父母'),('339391196001037337','张承','15392185873','荆州','张昭','17017186963','17017186963@qq.com','父母'),('340341197104092307','夏侯威','17531544429','宛城','夏侯渊','14510906915','14510906915@qq.com','父母'),('345441197406166821','刘封','16636498229','上庸','刘备','14127461714','14127461714@qq.com','父母'),('352079200403079040','乐綝','17430442651','江夏','乐进','15860306548','15860306548@qq.com','父母'),('360746199408068987','关平','14192662498','荆州','关羽','14389091787','14389091787@qq.com','父母'),('361951199301056355','陈泰','14765556497','扬州','陈羣','13788626238','13788626238@qq.com','父母'),('363698200411142511','孙权','15401579139','吴','孙坚','17980785133','17980785133@qq.com','父母'),('366551874975712000','刘贤','13087324216','徐州','刘度','14348588415','14348588415@qq.com','父母'),('367204125243488000','辛敞','15561140620','益州','辛毗','18833563209','18833563209@qq.com','父母'),('370852196904104574','孙异','17331647302','宛城','孙韶','18227355992','18227355992@qq.com','父母'),('372242198006238080','曹昂','18258463190','洛阳','曹操','18340315794','18340315794@qq.com','父母'),('373178196407207675','顾谭','18866560603','益州','顾雍','13221049646','13221049646@qq.com','父母'),('376055196107255791','留略','13301963018','江夏','留赞','16793729230','16793729230@qq.com','父母'),('388221911275387000','孙匡','13007424368','寿春','孙坚','15710396446','15710396446@qq.com','父母'),('397195550706970000','张绍','13196636811','汉中','张飞','13829869159','13829869159@qq.com','父母'),('422721196311073559','凌统','18267519040','荆州','凌操','15962369606','15962369606@qq.com','父母'),('425838199201129153','诸葛亮','15820205225','五丈原','黄月英','15801553283','15801553283@qq.com','配偶'),('448203198009234130','牵弘','18627914488','扬州','牵招','17219288636','17219288636@qq.com','父母'),('454581199712263076','关兴','15698649005','许昌','关羽','13433217936','13433217936@qq.com','父母'),('459801200510184433','公孙康','17466018690','辽东','公孙度','16919510867','16919510867@qq.com','父母'),('468169195611164850','陆抗','17632927324','许昌','陆逊','15673695227','15673695227@qq.com','父母'),('475511849876055000','吕布','13326642247','长安','貂蝉','15611290190','15611290190@qq.com','配偶'),('496490196110217243','胡烈','14302800444','荆州','胡遵','13784586689','13784586689@qq.com','父母'),('496546196505151962','太史享','18576508665','汝南','太史慈','16935588648','16935588648@qq.com','父母'),('502044199106255912','陆逊','17009357582','夷陵','孙氏','13980485949','13980485949@qq.com','配偶'),('505530198908107012','司马昭','14288858613','长安','司马懿','13454094557','13454094557@qq.com','父母'),('507568286337738000','许仪','16084139760','江夏','许褚','13992336129','13992336129@qq.com','父母'),('511901156114926000','曹熊','16240777693','江夏','曹操','15502256738','15502256738@qq.com','父母'),('513006200808285276','陈登','17837191488','下邳','陈珪','17373718735','17373718735@qq.com','父母'),('526578200004147146','诸葛恪','17015722402','柴桑','诸葛瑾','15915802416','15915802416@qq.com','父母'),('557726195303279134','公孙続','15996970405','寿春','公孙瓒','17957747487','17957747487@qq.com','父母'),('561078788942470000','薛珝','17011760881','汝南','薛综','13885061396','13885061396@qq.com','父母'),('578648197502278772','鲁淑','13667984504','柴桑','鲁肃','18277884428','18277884428@qq.com','父母'),('596827198702095457','诸葛乔','18256062768','江夏','诸葛瑾','16582253105','16582253105@qq.com','父母'),('607924984220553000','孙翊','13412768415','冀州','孙坚','17263795021','17263795021@qq.com','父母'),('618382198104111591','周瑜','17045078608','江夏','小乔','15625880047','15625880047@qq.com','配偶'),('624351908721968000','刘璋','17876337178','许昌','刘焉','16794458613','16794458613@qq.com','父母'),('625424543161467000','全怿','14027888839','荆州','全琮','13756977173','13756977173@qq.com','父母'),('631819945185594000','公孙恭','18562270481','冀州','公孙度','14864426029','14864426029@qq.com','父母'),('634403912136225000','刘禅','13676305112','荆州','刘备','17778002678','17778002678@qq.com','父母'),('657040200706032197','程武','18517433794','许昌','程昱','15877023038','15877023038@qq.com','父母'),('666837588262248000','孙皓','18899281551','并州','孙和','14173120452','14173120452@qq.com','父母'),('674972195902142993','蒋斌','18526809185','幽州','蒋琬','14354135521','14354135521@qq.com','父母'),('690650679497752000','刘璇','18341524333','并州','刘禅','16613415010','16613415010@qq.com','父母'),('691551198208021559','司马师','16179307866','幽州','司马懿','16768263879','16768263879@qq.com','父母'),('699993196011082301','文鸯','17374791273','许昌','文钦','14565212184','14565212184@qq.com','父母'),('700232197611273893','诸葛瞻','14081346894','绵竹','诸葛亮','15679524619','15679524619@qq.com','父母'),('717742200412122341','钟会','14272098072','剑阁','钟繇','14516109636','14516109636@qq.com','父母'),('719062198303039140','孙和','16139925805','吴','孙权','15401579139','15401579139@qq.com','父母'),('723929298253072000','刘循','16719357891','汝南','刘璋','15501262712','15501262712@qq.com','父母'),('728598199209269530','曹丕','17721821123','许昌','曹操','16262300530','16262300530@qq.com','父母'),('733203902799981000','金祎','17431671795','扬州','金旋','17052029837','17052029837@qq.com','父母'),('738067195912159205','孙登','18051077551','荆州','孙权','15401579139','15401579139@qq.com','父母'),('740588066297726000','典满','13411266855','汉中','典韦','14090178083','14090178083@qq.com','父母'),('747236197605235779','曹彰','17709998140','阳平关','曹操','18096456758','18096456758@qq.com','父母'),('750442197910127673','王粛','17731182678','宛城','王朗','13779892274','13779892274@qq.com','父母'),('752556198905282859','庞会','17639345826','江夏','庞德','14370875457','14370875457@qq.com','父母'),('760111315815751000','荀顗','13418860719','冀州','荀彧','16085165225','16085165225@qq.com','父母'),('762208560052379000','曹芳','14103155787','幽州','曹叡','18711442421','18711442421@qq.com','父母'),('762366473417498000','曹训','15848160921','江夏','曹真','16285738983','16285738983@qq.com','父母'),('777939197009052644','袁尚','16657425818','青州','袁绍','17739020447','17739020447@qq.com','父母'),('782406198901063228','诸葛靓','16246706306','长安','诸葛诞','13355533931','13355533931@qq.com','父母'),('782576195212059447','董允','17261075561','成都','董和','15115590853','15115590853@qq.com','父母'),('782994839282246000','袁谭','13017311247','益州','袁绍','14141106680','14141106680@qq.com','父母'),('786021113847010000','孙朗','14894644076','长安','孙坚','15691513338','15691513338@qq.com','父母'),('787520398961273000','曹爽','18099208597','益州','曹真','15316269932','15316269932@qq.com','父母'),('790051200209071510','袁绍','15118513616','邺','刘氏','16793502289','16793502289@qq.com','配偶'),('793249198112046530','关统','13153722990','成都','关兴','17402652650','17402652650@qq.com','父母'),('799203196407202314','刘表','14191771517','荆州','蔡氏','14755375397','14755375397@qq.com','配偶'),('801737198609117021','沮鹄','17889179152','幽州','沮授','15080054282','15080054282@qq.com','父母'),('808608195811238242','霍弋','17804842387','上庸','霍峻','18328573917','18328573917@qq.com','父母'),('808968206216983000','郭奕','16080365188','扬州','郭嘉','13664480387','13664480387@qq.com','父母'),('812712867285909000','曹羲','18465524067','幽州','曹真','13390472798','13390472798@qq.com','父母'),('816940196708145052','孟获','17296716906','南中','祝融','18036130702','18036130702@qq.com','配偶'),('832541199309139330','曹操','16262542964','许昌','卞氏','13936851440','13936851440@qq.com','配偶'),('833156197711155733','司马望','14342774069','洛阳','司马孚','14830252950','14830252950@qq.com','父母'),('833274969466301000','锺毓','13141233594','洛阳','锺繇','16310408900','16310408900@qq.com','父母'),('843768197408046528','全纪','16367218641','幽州','全尚','18538134215','18538134215@qq.com','父母'),('852336196311234201','司马懿','13730413483','雍州','张春华','13853756345','13853756345@qq.com','配偶'),('858748867207014000','曹奂','18509341714','冀州','曹宇','16380124320','16380124320@qq.com','父母'),('860022912436631000','全祎','15197557531','徐州','全端','13691440070','13691440070@qq.com','父母'),('879408407397684000','关彝','14138036885','冀州','关兴','15350572884','15350572884@qq.com','父母'),('883060195111168749','毌丘甸','17950043691','益州','毌丘俭','15600929800','15600929800@qq.com','父母'),('885652864767652000','袁耀','14988554571','长安','袁术','15422932819','15422932819@qq.com','父母'),('908700197210062991','司马炎','13729336062','洛阳','司马昭','14231981883','14231981883@qq.com','父母'),('909046199404275160','夏侯覇','16727481972','汉中','夏侯渊','14510906915','14510906915@qq.com','父母'),('937874618490615000','曹宇','14460134936','长安','曹操','14732514795','14732514795@qq.com','父母'),('943128197002068240','曹叡','16143790158','洛阳','曹丕','17007327698','17007327698@qq.com','父母'),('956810750792974000','全端','15858497853','荆州','全琮','17848510059','17848510059@qq.com','父母'),('967989197911209205','公孙渊','17074549452','辽东','公孙康','15449944486','15449944486@qq.com','父母'),('972921198006062969','诸葛尚','13370664283','绵竹','诸葛瞻','18343280873','18343280873@qq.com','父母'),('986269198802046521','刘谌','15014006605','成都','刘禅','17347674825','17347674825@qq.com','父母'),('993244308225413000','夏侯楙','16474421043','江夏','夏侯惇','16120236827','16120236827@qq.com','父母');
/*!40000 ALTER TABLE `Customer` ENABLE KEYS */;
UNLOCK TABLES;

--
-- Table structure for table `Employee`
--

DROP TABLE IF EXISTS `Employee`;
/*!40101 SET @saved_cs_client     = @@character_set_client */;
/*!40101 SET character_set_client = utf8 */;
CREATE TABLE `Employee` (
  `EmployeeID` char(32) NOT NULL,
  `EmployeeName` char(32) DEFAULT NULL,
  `EmployeeTele` char(32) DEFAULT NULL,
  `EmployeeAddress` char(64) DEFAULT NULL,
  `StartWork` date DEFAULT NULL,
  PRIMARY KEY (`EmployeeID`)
) ENGINE=InnoDB DEFAULT CHARSET=utf8;
/*!40101 SET character_set_client = @saved_cs_client */;

--
-- Dumping data for table `Employee`
--

LOCK TABLES `Employee` WRITE;
/*!40000 ALTER TABLE `Employee` DISABLE KEYS */;
INSERT INTO `Employee` VALUES ('139054200001046060','吕布','16936891625','白门楼','1997-10-15'),('194431195102157814','颜良','17538023844','白马','1999-01-02'),('277913195803253824','周泰','18499462066','柴桑','2000-12-09'),('310085198507084421','诸葛亮','17755502125','五丈原','1997-10-15'),('315611196803279207','华雄','17759407475','汜水关','2003-02-07'),('337314195012272195','关羽','17246503006','麦城','1997-06-22'),('383554199409095643','庞德','18004579578','樊城','1999-09-28'),('447442195010094360','甘宁','16820967752','吴','2003-11-21'),('507411199811208233','张飞','13197922428','阆中','2003-02-16'),('514590199104099657','赵云','17720751653','当阳','2003-09-03'),('524745198005288639','张辽','15943229708','合肥','2001-04-04'),('538107199201239288','曹彰','15388796119','鄢陵','1998-02-13'),('570695197008037396','孙坚','15746720671','长沙','1997-08-28'),('576336197810213996','魏延','13214728124','汉中','1999-01-08'),('648744198004219328','文鸯','17750957627','许昌','1997-02-07'),('691455200904051938','文丑','17749575385','白马','2001-03-26'),('707223197012073613','夏侯渊','16183561435','定军山','1999-01-01'),('748320200903071646','徐晃','13886445025','冀州','2001-11-20'),('777217199611135415','太史慈','17617033039','东莱','2003-04-21'),('795825200705233872','孙策','18105423760','南徐','2000-09-20'),('869167200205094147','夏侯惇','17630118625','宛城','1997-03-22'),('870483197807255885','黄忠','15440904916','夷陵','2001-04-11'),('887393199602166973','马超','16489709831','渭桥','1993-03-15'),('923167197802019366','典韦','17512660327','宛城','1997-11-16'),('984431200109269354','许褚','17795942682','许昌','1997-08-05');
/*!40000 ALTER TABLE `Employee` ENABLE KEYS */;
UNLOCK TABLES;

--
-- Table structure for table `Loan`
--

DROP TABLE IF EXISTS `Loan`;
/*!40101 SET @saved_cs_client     = @@character_set_client */;
/*!40101 SET character_set_client = utf8 */;
CREATE TABLE `Loan` (
  `LoanID` char(32) NOT NULL,
  `CID` char(32) NOT NULL,
  `BID` char(32) NOT NULL,
  `EID` char(32) NOT NULL,
  `SOM` int(11) DEFAULT NULL,
  PRIMARY KEY (`LoanID`),
  KEY `CID` (`CID`),
  KEY `BID` (`BID`),
  KEY `EID` (`EID`),
  CONSTRAINT `Loan_ibfk_1` FOREIGN KEY (`CID`) REFERENCES `Customer` (`CustomerID`),
  CONSTRAINT `Loan_ibfk_2` FOREIGN KEY (`BID`) REFERENCES `Branch` (`BranchID`),
  CONSTRAINT `Loan_ibfk_3` FOREIGN KEY (`EID`) REFERENCES `Employee` (`EmployeeID`)
) ENGINE=InnoDB DEFAULT CHARSET=utf8;
/*!40101 SET character_set_client = @saved_cs_client */;

--
-- Dumping data for table `Loan`
--

LOCK TABLES `Loan` WRITE;
/*!40000 ALTER TABLE `Loan` DISABLE KEYS */;
INSERT INTO `Loan` VALUES ('l000001','314331200102283149','b00001','514590199104099657',10000),('l000002','190014200110278996','b00002','277913195803253824',20000),('l000003','363698200411142511','b00005','507411199811208233',50000);
/*!40000 ALTER TABLE `Loan` ENABLE KEYS */;
UNLOCK TABLES;

--
-- Table structure for table `LoanOut`
--

DROP TABLE IF EXISTS `LoanOut`;
/*!40101 SET @saved_cs_client     = @@character_set_client */;
/*!40101 SET character_set_client = utf8 */;
CREATE TABLE `LoanOut` (
  `LID` char(32) NOT NULL,
  `SOM` int(11) DEFAULT NULL,
  `ODate` date DEFAULT NULL,
  KEY `LID` (`LID`),
  CONSTRAINT `LoanOut_ibfk_1` FOREIGN KEY (`LID`) REFERENCES `Loan` (`LoanID`)
) ENGINE=InnoDB DEFAULT CHARSET=utf8;
/*!40101 SET character_set_client = @saved_cs_client */;

--
-- Dumping data for table `LoanOut`
--

LOCK TABLES `LoanOut` WRITE;
/*!40000 ALTER TABLE `LoanOut` DISABLE KEYS */;
INSERT INTO `LoanOut` VALUES ('l000002',2000,'2000-01-01'),('l000002',2000,'2000-01-01'),('l000002',3000,'2000-01-01'),('l000001',3000,'2000-01-01'),('l000001',7000,'2002-01-01'),('l000002',2000,'2000-01-01');
/*!40000 ALTER TABLE `LoanOut` ENABLE KEYS */;
UNLOCK TABLES;

--
-- Table structure for table `LoanOwner`
--

DROP TABLE IF EXISTS `LoanOwner`;
/*!40101 SET @saved_cs_client     = @@character_set_client */;
/*!40101 SET character_set_client = utf8 */;
CREATE TABLE `LoanOwner` (
  `LID` char(32) NOT NULL,
  `CID` char(32) NOT NULL,
  PRIMARY KEY (`LID`,`CID`),
  KEY `CID` (`CID`),
  CONSTRAINT `LoanOwner_ibfk_1` FOREIGN KEY (`CID`) REFERENCES `Customer` (`CustomerID`),
  CONSTRAINT `LoanOwner_ibfk_2` FOREIGN KEY (`LID`) REFERENCES `Loan` (`LoanID`)
) ENGINE=InnoDB DEFAULT CHARSET=utf8;
/*!40101 SET character_set_client = @saved_cs_client */;

--
-- Dumping data for table `LoanOwner`
--

LOCK TABLES `LoanOwner` WRITE;
/*!40000 ALTER TABLE `LoanOwner` DISABLE KEYS */;
/*!40000 ALTER TABLE `LoanOwner` ENABLE KEYS */;
UNLOCK TABLES;

--
-- Temporary table structure for view `accountview`
--

DROP TABLE IF EXISTS `accountview`;
/*!50001 DROP VIEW IF EXISTS `accountview`*/;
SET @saved_cs_client     = @@character_set_client;
SET character_set_client = utf8;
/*!50001 CREATE VIEW `accountview` AS SELECT 
 1 AS `AccountID`,
 1 AS `AccType`,
 1 AS `BID`,
 1 AS `BranchName`,
 1 AS `CID`,
 1 AS `CustomerName`,
 1 AS `Balance`,
 1 AS `Credit`,
 1 AS `IRate`,
 1 AS `CDate`,
 1 AS `Lvisit`,
 1 AS `EID`,
 1 AS `EmployeeName`,
 1 AS `CNY`*/;
SET character_set_client = @saved_cs_client;

--
-- Temporary table structure for view `loanview`
--

DROP TABLE IF EXISTS `loanview`;
/*!50001 DROP VIEW IF EXISTS `loanview`*/;
SET @saved_cs_client     = @@character_set_client;
SET character_set_client = utf8;
/*!50001 CREATE VIEW `loanview` AS SELECT 
 1 AS `LoanID`,
 1 AS `CustomerName`,
 1 AS `CID`,
 1 AS `SOM`,
 1 AS `BranchName`,
 1 AS `BID`,
 1 AS `EmployeeName`,
 1 AS `EID`,
 1 AS `State`*/;
SET character_set_client = @saved_cs_client;

--
-- Final view structure for view `accountview`
--

/*!50001 DROP VIEW IF EXISTS `accountview`*/;
/*!50001 SET @saved_cs_client          = @@character_set_client */;
/*!50001 SET @saved_cs_results         = @@character_set_results */;
/*!50001 SET @saved_col_connection     = @@collation_connection */;
/*!50001 SET character_set_client      = utf8 */;
/*!50001 SET character_set_results     = utf8 */;
/*!50001 SET collation_connection      = utf8_general_ci */;
/*!50001 CREATE ALGORITHM=UNDEFINED */
/*!50013 DEFINER=`root`@`localhost` SQL SECURITY DEFINER */
/*!50001 VIEW `accountview` AS select `Account`.`AccountID` AS `AccountID`,`Account`.`AccType` AS `AccType`,`Account`.`BID` AS `BID`,`Branch`.`BranchName` AS `BranchName`,`Account`.`CID` AS `CID`,`Customer`.`CustomerName` AS `CustomerName`,`Account`.`Balance` AS `Balance`,`Account`.`Credit` AS `Credit`,`Account`.`IRate` AS `IRate`,`Account`.`CDate` AS `CDate`,`Account`.`Lvisit` AS `Lvisit`,`Account`.`EID` AS `EID`,`Employee`.`EmployeeName` AS `EmployeeName`,`Account`.`CNY` AS `CNY` from (((`Account` join `Branch`) join `Customer`) join `Employee`) where ((`Account`.`CID` = `Customer`.`CustomerID`) and (`Account`.`EID` = `Employee`.`EmployeeID`) and (`Account`.`BID` = `Branch`.`BranchID`)) */;
/*!50001 SET character_set_client      = @saved_cs_client */;
/*!50001 SET character_set_results     = @saved_cs_results */;
/*!50001 SET collation_connection      = @saved_col_connection */;

--
-- Final view structure for view `loanview`
--

/*!50001 DROP VIEW IF EXISTS `loanview`*/;
/*!50001 SET @saved_cs_client          = @@character_set_client */;
/*!50001 SET @saved_cs_results         = @@character_set_results */;
/*!50001 SET @saved_col_connection     = @@collation_connection */;
/*!50001 SET character_set_client      = utf8 */;
/*!50001 SET character_set_results     = utf8 */;
/*!50001 SET collation_connection      = utf8_general_ci */;
/*!50001 CREATE ALGORITHM=UNDEFINED */
/*!50013 DEFINER=`root`@`localhost` SQL SECURITY DEFINER */
/*!50001 VIEW `loanview` AS select `Loan`.`LoanID` AS `LoanID`,`Customer`.`CustomerName` AS `CustomerName`,`Loan`.`CID` AS `CID`,`Loan`.`SOM` AS `SOM`,`Branch`.`BranchName` AS `BranchName`,`Loan`.`BID` AS `BID`,`Employee`.`EmployeeName` AS `EmployeeName`,`Loan`.`EID` AS `EID`,if((sum(`LoanOut`.`SOM`) = `Loan`.`SOM`),'发放完毕','发放中') AS `State` from ((((`Branch` join `Customer`) join `Employee`) join `Loan`) join `LoanOut`) where ((`Loan`.`CID` = `Customer`.`CustomerID`) and (`Branch`.`BranchID` = `Loan`.`BID`) and (`Employee`.`EmployeeID` = `Loan`.`EID`) and (`Loan`.`LoanID` = `LoanOut`.`LID`)) group by `Loan`.`LoanID` union select `Loan`.`LoanID` AS `LoanID`,`Customer`.`CustomerName` AS `CustomerName`,`Loan`.`CID` AS `CID`,`Loan`.`SOM` AS `SOM`,`Branch`.`BranchName` AS `BranchName`,`Loan`.`BID` AS `BID`,`Employee`.`EmployeeName` AS `EmployeeName`,`Loan`.`EID` AS `EID`,'未开始发放' AS `State` from (((`Branch` join `Customer`) join `Employee`) join `Loan`) where ((`Loan`.`CID` = `Customer`.`CustomerID`) and (`Branch`.`BranchID` = `Loan`.`BID`) and (`Employee`.`EmployeeID` = `Loan`.`EID`) and (not(`Loan`.`LoanID` in (select `LoanOut`.`LID` from `LoanOut`)))) */;
/*!50001 SET character_set_client      = @saved_cs_client */;
/*!50001 SET character_set_results     = @saved_cs_results */;
/*!50001 SET collation_connection      = @saved_col_connection */;
/*!40103 SET TIME_ZONE=@OLD_TIME_ZONE */;

/*!40101 SET SQL_MODE=@OLD_SQL_MODE */;
/*!40014 SET FOREIGN_KEY_CHECKS=@OLD_FOREIGN_KEY_CHECKS */;
/*!40014 SET UNIQUE_CHECKS=@OLD_UNIQUE_CHECKS */;
/*!40101 SET CHARACTER_SET_CLIENT=@OLD_CHARACTER_SET_CLIENT */;
/*!40101 SET CHARACTER_SET_RESULTS=@OLD_CHARACTER_SET_RESULTS */;
/*!40101 SET COLLATION_CONNECTION=@OLD_COLLATION_CONNECTION */;
/*!40111 SET SQL_NOTES=@OLD_SQL_NOTES */;

-- Dump completed on 2018-05-27 21:41:04
